p_224,s_470
p_322,s_300
p_319,s_147
p_192,s_758
p_287,s_269
p_112,s_651
p_289,s_598
p_78,s_1339
p_232,s_238
p_279,s_739
p_115,s_1377
p_15,s_107
p_320,s_1303
p_189,s_1294
p_336,s_880
p_154,s_1193
p_328,s_463
p_310,s_548
p_109,s_634
p_274,s_664
p_267,s_1230
p_177,s_1417
p_31,s_1403
p_151,s_431
p_93,s_706
p_194,s_1003
p_338,s_1226
p_137,s_469
p_134,s_894
p_52,s_690
p_50,s_1381
p_145,s_22
p_206,s_281
p_236,s_1397
p_86,s_1074
p_127,s_237
p_80,s_1345
p_120,s_1154
p_334,s_1141
p_316,s_1292
p_137,s_873
p_161,s_1000
p_59,s_727
p_35,s_334
p_41,s_718
p_15,s_803
p_317,s_728
p_207,s_944
p_305,s_1457
p_319,s_113
p_281,s_81
p_20,s_66
p_188,s_1281
p_131,s_513
p_329,s_1143
p_150,s_1337
p_212,s_79
p_176,s_516
p_27,s_377
p_94,s_1059
p_9,s_240
p_32,s_151
p_142,s_150
p_183,s_55
p_221,s_1233
p_181,s_1058
p_216,s_1436
p_14,s_1020
p_132,s_112
p_198,s_392
p_217,s_1352
p_88,s_600
p_225,s_1174
p_138,s_712
p_330,s_393
p_87,s_1120
p_204,s_652
p_271,s_992
p_266,s_257
p_85,s_527
p_76,s_420
p_337,s_1099
p_194,s_951
p_198,s_982
p_72,s_985
p_307,s_172
p_246,s_67
p_281,s_1101
p_230,s_43
p_249,s_916
p_273,s_1388
p_15,s_181
p_100,s_185
p_282,s_1472
p_240,s_1090
p_172,s_1354
p_8,s_490
p_48,s_938
p_58,s_1215
p_333,s_792
p_299,s_10
p_311,s_1133
p_12,s_92
p_226,s_89
p_160,s_296
p_220,s_611
p_34,s_490
p_64,s_1254
p_236,s_539
p_202,s_892
p_190,s_574
p_248,s_483
p_158,s_417
p_156,s_257
p_45,s_450
p_204,s_495
p_96,s_263
p_293,s_271
p_210,s_601
p_49,s_25
p_2,s_1112
p_235,s_793
p_237,s_494
p_32,s_1442
p_139,s_1341
p_148,s_872
p_173,s_991
p_198,s_1180
p_127,s_2
p_142,s_522
p_194,s_893
p_302,s_292
p_61,s_671
p_73,s_1251
p_125,s_537
p_217,s_728
p_251,s_1359
p_72,s_464
p_331,s_352
p_262,s_346
p_297,s_755
p_109,s_762
p_149,s_655
p_222,s_1111
p_335,s_193
p_135,s_636
p_233,s_1372
p_258,s_465
p_193,s_175
p_297,s_125
p_53,s_169
p_278,s_277
p_255,s_1146
p_234,s_391
p_146,s_13
p_309,s_247
p_38,s_318
p_120,s_221
p_217,s_546
p_326,s_400
p_189,s_128
p_76,s_654
p_42,s_1447
p_95,s_47
p_269,s_507
p_33,s_1081
p_142,s_95
p_91,s_316
p_134,s_917
p_159,s_1209
p_269,s_1466
p_334,s_1367
p_273,s_458
p_205,s_609
p_175,s_160
p_89,s_52
p_277,s_1109
p_110,s_476
p_331,s_453
p_66,s_65
p_330,s_1013
p_54,s_51
p_147,s_338
p_80,s_886
p_308,s_1262
p_310,s_1373
p_5,s_1316
p_125,s_306
p_9,s_619
p_298,s_1080
p_250,s_1079
p_157,s_87
p_314,s_716
p_302,s_1361
p_77,s_763
p_160,s_759
p_243,s_398
p_56,s_165
p_249,s_222
p_18,s_1394
p_158,s_1228
p_310,s_319
p_244,s_1091
p_162,s_1238
p_180,s_639
p_6,s_213
p_101,s_657
p_133,s_243
p_232,s_1342
p_224,s_183
p_63,s_8
p_85,s_1250
p_0,s_730
p_257,s_956
p_160,s_997
p_70,s_1
p_242,s_54
p_214,s_1189
p_76,s_1311
p_262,s_493
p_138,s_626
p_211,s_523
p_276,s_784
p_179,s_900
p_255,s_1053
p_113,s_644
p_323,s_554
p_148,s_395
p_285,s_597
p_222,s_936
p_69,s_72
p_145,s_505
p_316,s_1125
p_46,s_1379
p_240,s_920
p_26,s_46
p_276,s_1019
p_249,s_674
p_290,s_1155
p_131,s_558
p_120,s_443
p_235,s_378
p_92,s_974
p_58,s_1395
p_154,s_1227
p_221,s_451
p_268,s_808
p_40,s_1390
p_298,s_1357
p_272,s_348
p_271,s_842
p_229,s_354
p_188,s_31
p_254,s_430
p_199,s_812
p_239,s_1132
p_237,s_607
p_326,s_555
p_33,s_1298
p_270,s_973
p_83,s_432
p_224,s_1038
p_35,s_698
p_57,s_1200
p_298,s_219
p_157,s_578
p_251,s_699
p_31,s_1190
p_255,s_638
p_196,s_621
p_138,s_831
p_306,s_189
p_214,s_85
p_20,s_541
p_318,s_401
p_324,s_515
p_318,s_572
p_224,s_173
p_167,s_433
p_196,s_428
p_297,s_478
p_67,s_832
p_297,s_1333
p_199,s_21
p_219,s_1145
p_190,s_784
p_117,s_1185
p_301,s_795
p_27,s_1002
p_20,s_416
p_77,s_1092
p_27,s_131
p_320,s_399
p_254,s_234
p_101,s_1414
p_212,s_1141
p_144,s_1165
p_293,s_843
p_53,s_166
p_150,s_1083
p_75,s_866
p_85,s_948
p_47,s_925
p_284,s_289
p_229,s_1454
p_275,s_1272
p_3,s_922
p_93,s_1142
p_197,s_325
p_90,s_120
p_52,s_423
p_335,s_592
p_196,s_776
p_173,s_1065
p_311,s_1064
p_30,s_1006
p_100,s_567
p_332,s_1027
p_259,s_286
p_343,s_44
p_179,s_845
p_305,s_109
p_111,s_472
p_83,s_575
p_134,s_1031
p_38,s_1391
p_343,s_710
p_77,s_149
p_26,s_1468
p_79,s_524
p_199,s_1302
p_118,s_1425
p_180,s_744
p_271,s_662
p_186,s_582
p_240,s_1243
p_5,s_23
p_208,s_1161
p_293,s_1110
p_308,s_59
p_109,s_1278
p_121,s_951
p_182,s_897
p_158,s_278
p_113,s_828
p_213,s_728
p_272,s_1327
p_98,s_1404
p_204,s_1304
p_291,s_888
p_282,s_1360
p_286,s_1195
p_211,s_1258
p_74,s_1458
p_277,s_1437
p_293,s_261
p_326,s_1369
p_340,s_424
p_304,s_608
p_126,s_688
p_121,s_797
p_131,s_164
p_231,s_1119
p_25,s_387
p_157,s_410
p_291,s_1023
p_124,s_1054
p_49,s_983
p_342,s_1106
p_289,s_388
p_105,s_975
p_282,s_877
p_207,s_557
p_79,s_1166
p_123,s_1024
p_133,s_241
p_341,s_545
p_341,s_972
p_185,s_828
p_111,s_893
p_243,s_386
p_71,s_201
p_36,s_999
p_229,s_1286
p_57,s_1256
p_187,s_738
p_213,s_684
p_250,s_1387
p_269,s_50
p_269,s_1075
p_104,s_327
p_321,s_1130
p_86,s_518
p_29,s_809
p_228,s_83
p_154,s_509
p_13,s_487
p_314,s_622
p_193,s_479
p_319,s_1319
p_37,s_661
p_53,s_1450
p_316,s_1181
p_36,s_195
p_101,s_359
p_121,s_253
p_28,s_1244
p_149,s_1265
p_297,s_1041
p_110,s_1178
p_305,s_939
p_112,s_412
p_152,s_734
p_50,s_90
p_51,s_1420
p_291,s_15
p_134,s_1295
p_272,s_1453
p_210,s_108
p_220,s_722
p_292,s_852
p_26,s_190
p_106,s_919
p_259,s_1085
p_259,s_438
p_296,s_1427
p_138,s_988
p_233,s_1266
p_11,s_17
p_335,s_1043
p_162,s_157
p_226,s_134
p_190,s_1221
p_278,s_402
p_244,s_828
p_175,s_954
p_66,s_1177
p_334,s_405
p_191,s_1433
p_332,s_490
p_296,s_869
p_86,s_385
p_144,s_766
p_277,s_968
p_292,s_150
p_203,s_555
p_46,s_474
p_293,s_887
p_117,s_875
p_41,s_1093
p_172,s_1072
p_58,s_422
p_258,s_809
p_64,s_115
p_110,s_1239
p_329,s_629
p_148,s_503
p_282,s_425
p_136,s_517
p_180,s_1049
p_295,s_927
p_79,s_943
p_313,s_742
p_227,s_315
p_241,s_1103
p_13,s_934
p_324,s_341
p_343,s_741
p_218,s_1434
p_294,s_1365
p_163,s_434
p_256,s_123
p_139,s_796
p_342,s_1375
p_225,s_69
p_120,s_1096
p_241,s_790
p_143,s_437
p_251,s_36
p_74,s_150
p_163,s_1044
p_187,s_491
p_186,s_655
p_172,s_1471
p_135,s_1463
p_201,s_1270
p_35,s_1031
p_103,s_596
p_59,s_840
p_333,s_961
p_164,s_1093
p_7,s_996
p_200,s_904
p_311,s_116
p_158,s_1082
p_333,s_561
p_244,s_1093
p_0,s_820
p_325,s_960
p_322,s_332
p_270,s_1126
p_163,s_1151
p_1,s_1066
p_143,s_266
p_211,s_98
p_177,s_1415
p_212,s_942
p_59,s_677
p_54,s_881
p_158,s_884
p_220,s_1107
p_37,s_380
p_187,s_1121
p_81,s_528
p_62,s_1332
p_58,s_310
p_240,s_637
p_108,s_1155
p_89,s_168
p_311,s_484
p_224,s_859
p_68,s_765
p_45,s_103
p_76,s_971
p_236,s_1032
p_331,s_749
p_260,s_1148
p_38,s_817
p_226,s_931
p_305,s_799
p_207,s_64
p_202,s_1261
p_95,s_989
p_221,s_1153
p_32,s_475
p_118,s_1406
p_147,s_594
p_176,s_1386
p_68,s_403
p_203,s_1369
p_54,s_1039
p_127,s_1056
p_139,s_1113
p_338,s_1300
p_19,s_244
p_215,s_1094
p_11,s_49
p_82,s_670
p_122,s_870
p_87,s_643
p_63,s_1412
p_52,s_1168
p_324,s_788
p_147,s_824
p_116,s_1246
p_269,s_606
p_247,s_689
p_66,s_726
p_81,s_301
p_214,s_278
p_90,s_707
p_169,s_565
p_295,s_864
p_97,s_952
p_228,s_176
p_143,s_440
p_183,s_87
p_230,s_78
p_71,s_1001
p_314,s_754
p_174,s_1323
p_177,s_1252
p_37,s_1169
p_100,s_439
p_43,s_1114
p_144,s_515
p_110,s_0
p_17,s_122
p_313,s_1015
p_238,s_930
p_111,s_239
p_108,s_433
p_325,s_1327
p_109,s_1208
p_281,s_205
p_305,s_695
p_314,s_167
p_189,s_759
p_209,s_1255
p_292,s_978
p_67,s_233
p_52,s_668
p_125,s_778
p_338,s_1216
p_129,s_256
p_70,s_324
p_133,s_627
p_174,s_307
p_307,s_746
p_143,s_275
p_5,s_144
p_41,s_140
p_158,s_1263
p_289,s_1392
p_2,s_1116
p_288,s_779
p_98,s_1222
p_237,s_1202
p_278,s_1004
p_265,s_653
p_225,s_867
p_80,s_1309
p_178,s_857
p_239,s_614
p_193,s_174
p_216,s_1018
p_242,s_935
p_210,s_216
p_281,s_932
p_86,s_1464
p_35,s_473
p_340,s_907
p_183,s_203
p_232,s_314
p_55,s_304
p_215,s_841
p_282,s_1407
p_206,s_1451
p_190,s_116
p_296,s_18
p_149,s_517
p_115,s_1046
p_123,s_625
p_94,s_204
p_275,s_808
p_235,s_705
p_153,s_1317
p_145,s_650
p_24,s_589
p_31,s_1355
p_288,s_950
p_288,s_1273
p_322,s_73
p_46,s_1214
p_78,s_1343
p_137,s_71
p_106,s_396
p_161,s_288
p_290,s_1060
p_94,s_1326
p_90,s_1439
p_197,s_953
p_341,s_110
p_294,s_429
p_209,s_1231
p_136,s_1158
p_332,s_1384
p_242,s_1469
p_303,s_530
p_81,s_497
p_166,s_915
p_283,s_1106
p_339,s_342
p_106,s_1196
p_195,s_137
p_186,s_1293
p_254,s_694
p_88,s_543
p_83,s_426
p_283,s_206
p_337,s_605
p_191,s_76
p_222,s_1258
p_121,s_1353
p_43,s_928
p_191,s_1428
p_162,s_1443
p_268,s_787
p_158,s_660
p_46,s_1326
p_219,s_521
p_241,s_1156
p_150,s_970
p_238,s_520
p_256,s_854
p_61,s_490
p_266,s_1047
p_123,s_40
p_274,s_1423
p_157,s_371
p_21,s_555
p_344,s_949
p_96,s_723
p_130,s_1012
p_213,s_887
p_208,s_272
p_62,s_419
p_111,s_1455
p_208,s_1371
p_35,s_896
p_42,s_478
p_306,s_1459
p_339,s_676
p_17,s_865
p_319,s_1125
p_182,s_1067
p_89,s_1364
p_16,s_118
p_119,s_1356
p_316,s_13
p_3,s_1325
p_126,s_150
p_221,s_1188
p_122,s_53
p_247,s_1140
p_265,s_1011
p_123,s_1028
p_266,s_187
p_17,s_902
p_253,s_779
p_161,s_1098
p_87,s_583
p_286,s_656
p_262,s_1313
p_109,s_1205
p_36,s_1359
p_6,s_1010
p_258,s_333
p_277,s_394
p_218,s_714
p_84,s_1157
p_57,s_646
p_261,s_4
p_198,s_1194
p_200,s_363
p_11,s_1220
p_112,s_1197
p_288,s_65
p_268,s_1306
p_87,s_3
p_183,s_410
p_124,s_1290
p_129,s_156
p_9,s_291
p_320,s_1282
p_53,s_504
p_14,s_486
p_263,s_1401
p_95,s_446
p_22,s_1176
p_287,s_927
p_234,s_205
p_99,s_693
p_0,s_1292
p_1,s_1292
p_164,s_1195
p_147,s_761
p_301,s_1176
p_268,s_1438
p_276,s_427
p_173,s_199
p_104,s_389
p_34,s_767
p_155,s_43
p_259,s_704
p_204,s_29
p_110,s_1162
p_16,s_526
p_302,s_659
p_61,s_987
p_145,s_610
p_43,s_294
p_251,s_268
p_21,s_499
p_263,s_544
p_92,s_755
p_132,s_279
p_103,s_1176
p_17,s_1318
p_236,s_86
p_289,s_771
p_140,s_1308
p_217,s_947
p_6,s_1292
p_261,s_993
p_245,s_339
p_283,s_1396
p_107,s_1322
p_101,s_774
p_247,s_293
p_21,s_1369
p_3,s_801
p_73,s_604
p_38,s_442
p_133,s_1401
p_318,s_404
p_116,s_1134
p_263,s_656
p_302,s_685
p_260,s_849
p_234,s_551
p_54,s_1287
p_247,s_488
p_279,s_737
p_306,s_103
p_246,s_506
p_113,s_768
p_343,s_686
p_262,s_445
p_142,s_721
p_294,s_174
p_193,s_1380
p_65,s_1409
p_307,s_577
p_178,s_1026
p_287,s_1275
p_73,s_245
p_128,s_1289
p_285,s_830
p_84,s_415
p_77,s_1419
p_41,s_24
p_94,s_498
p_37,s_773
p_25,s_317
p_257,s_142
p_264,s_1102
p_306,s_769
p_166,s_68
p_311,s_1316
p_82,s_1274
p_334,s_259
p_22,s_786
p_167,s_744
p_184,s_895
p_228,s_1414
p_275,s_747
p_275,s_538
p_132,s_810
p_337,s_480
p_25,s_468
p_123,s_196
p_60,s_364
p_1,s_299
p_100,s_1036
p_204,s_1465
p_290,s_744
p_189,s_783
p_313,s_618
p_253,s_65
p_49,s_701
p_285,s_850
p_220,s_302
p_36,s_1432
p_2,s_818
p_28,s_146
p_126,s_745
p_15,s_623
p_147,s_635
p_33,s_906
p_274,s_966
p_156,s_1199
p_223,s_752
p_180,s_447
p_183,s_702
p_241,s_308
p_143,s_1445
p_276,s_728
p_168,s_357
p_18,s_1051
p_300,s_1105
p_195,s_735
p_341,s_1400
p_68,s_711
p_163,s_374
p_154,s_200
p_139,s_914
p_66,s_663
p_291,s_1264
p_50,s_581
p_169,s_179
p_274,s_210
p_178,s_884
p_276,s_313
p_75,s_287
p_210,s_533
p_153,s_323
p_114,s_1441
p_20,s_921
p_26,s_542
p_251,s_1370
p_86,s_60
p_279,s_1165
p_190,s_1004
p_85,s_361
p_112,s_630
p_280,s_837
p_135,s_358
p_312,s_1236
p_186,s_700
p_286,s_353
p_83,s_45
p_194,s_1222
p_29,s_987
p_114,s_853
p_47,s_851
p_99,s_1016
p_119,s_964
p_149,s_550
p_208,s_384
p_159,s_1182
p_202,s_571
p_344,s_366
p_196,s_501
p_277,s_188
p_165,s_847
p_3,s_1097
p_196,s_800
p_19,s_760
p_2,s_1192
p_291,s_429
p_174,s_30
p_132,s_844
p_335,s_804
p_230,s_1260
p_306,s_835
p_172,s_462
p_22,s_1277
p_3,s_96
p_184,s_1358
p_42,s_135
p_305,s_1122
p_231,s_995
p_30,s_1333
p_315,s_508
p_259,s_1172
p_248,s_833
p_26,s_805
p_7,s_1229
p_267,s_863
p_323,s_1410
p_151,s_415
p_207,s_117
p_54,s_252
p_231,s_617
p_111,s_496
p_184,s_414
p_23,s_977
p_18,s_665
p_205,s_723
p_128,s_613
p_47,s_99
p_107,s_1138
p_59,s_255
p_304,s_823
p_191,s_77
p_38,s_105
p_10,s_1312
p_331,s_1176
p_223,s_576
p_335,s_416
p_94,s_474
p_322,s_1399
p_294,s_484
p_227,s_1248
p_238,s_570
p_115,s_547
p_128,s_1206
p_93,s_1421
p_307,s_784
p_137,s_1324
p_309,s_436
p_284,s_1368
p_318,s_876
p_183,s_1005
p_300,s_328
p_10,s_218
p_185,s_1219
p_146,s_929
p_318,s_1376
p_146,s_39
p_248,s_1128
p_8,s_972
p_310,s_119
p_291,s_127
p_228,s_1405
p_105,s_1035
p_161,s_1068
p_47,s_87
p_4,s_309
p_34,s_972
p_111,s_262
p_142,s_460
p_185,s_1093
p_128,s_1328
p_42,s_736
p_284,s_408
p_162,s_335
p_12,s_891
p_138,s_232
p_166,s_215
p_152,s_1430
p_339,s_1224
p_69,s_154
p_83,s_941
p_64,s_1157
p_177,s_672
p_95,s_1344
p_98,s_535
p_110,s_331
p_299,s_1163
p_78,s_330
p_14,s_1292
p_103,s_811
p_279,s_236
p_48,s_728
p_230,s_764
p_197,s_133
p_218,s_1245
p_44,s_551
p_177,s_822
p_29,s_1030
p_18,s_514
p_321,s_355
p_273,s_1050
p_256,s_728
p_207,s_360
p_62,s_720
p_158,s_1118
p_113,s_556
p_76,s_1331
p_342,s_1396
p_231,s_1383
p_170,s_192
p_303,s_549
p_73,s_111
p_193,s_123
p_153,s_273
p_268,s_819
p_270,s_1184
p_234,s_962
p_50,s_1069
p_42,s_481
p_205,s_1275
p_97,s_191
p_65,s_593
p_252,s_692
p_27,s_59
p_17,s_1088
p_199,s_100
p_96,s_375
p_168,s_1070
p_344,s_531
p_81,s_1232
p_201,s_675
p_31,s_1346
p_182,s_903
p_84,s_14
p_240,s_1086
p_320,s_789
p_187,s_667
p_15,s_485
p_79,s_297
p_272,s_687
p_4,s_323
p_170,s_510
p_181,s_449
p_312,s_1021
p_60,s_798
p_12,s_980
p_155,s_1338
p_24,s_905
p_242,s_631
p_200,s_724
p_4,s_285
p_244,s_444
p_63,s_48
p_309,s_1211
p_260,s_743
p_312,s_588
p_28,s_890
p_83,s_223
p_178,s_406
p_118,s_560
p_61,s_810
p_44,s_615
p_131,s_326
p_317,s_955
p_253,s_340
p_23,s_161
p_255,s_159
p_40,s_780
p_154,s_1234
p_35,s_1172
p_49,s_207
p_336,s_1191
p_299,s_369
p_157,s_708
p_109,s_750
p_283,s_1173
p_65,s_559
p_215,s_756
p_333,s_1249
p_105,s_976
p_338,s_322
p_264,s_457
p_317,s_429
p_114,s_882
p_131,s_1218
p_215,s_729
p_202,s_376
p_87,s_184
p_310,s_104
p_233,s_1170
p_68,s_1240
p_231,s_511
p_77,s_418
p_254,s_1108
p_272,s_84
p_101,s_372
p_265,s_329
p_203,s_991
p_118,s_1285
p_267,s_753
p_134,s_130
p_117,s_170
p_201,s_1171
p_111,s_1042
p_237,s_1269
p_148,s_1267
p_74,s_1235
p_100,s_569
p_26,s_926
p_12,s_1253
p_214,s_228
p_124,s_573
p_80,s_248
p_343,s_1186
p_341,s_490
p_30,s_1329
p_276,s_106
p_275,s_1175
p_238,s_1459
p_191,s_1100
p_88,s_202
p_225,s_1124
p_222,s_1347
p_303,s_102
p_145,s_909
p_33,s_224
p_130,s_540
p_313,s_1203
p_321,s_898
p_146,s_1292
p_298,s_1349
p_243,s_591
p_50,s_1456
p_62,s_1334
p_141,s_461
p_119,s_58
p_243,s_1055
p_252,s_397
p_334,s_628
p_308,s_20
p_89,s_620
p_209,s_1031
p_70,s_770
p_339,s_691
p_150,s_1010
p_310,s_394
p_156,s_782
p_309,s_32
p_111,s_883
p_327,s_1127
p_315,s_1076
p_153,s_1183
p_206,s_831
p_200,s_802
p_238,s_148
p_95,s_666
p_259,s_1022
p_9,s_295
p_197,s_1031
p_264,s_459
p_86,s_826
p_140,s_441
p_148,s_63
p_0,s_16
p_114,s_1187
p_42,s_814
p_78,s_1444
p_168,s_703
p_329,s_1036
p_53,s_740
p_206,s_251
p_39,s_590
p_51,s_1315
p_112,s_1461
p_316,s_35
p_155,s_413
p_170,s_226
p_262,s_1259
p_127,s_733
p_8,s_349
p_0,s_669
p_99,s_139
p_68,s_1310
p_284,s_848
p_125,s_821
p_48,s_1283
p_336,s_383
p_213,s_1040
p_46,s_1139
p_257,s_1340
p_158,s_885
p_232,s_265
p_160,s_291
p_280,s_1023
p_274,s_1440
p_103,s_75
p_93,s_1210
p_130,s_61
p_278,s_913
p_237,s_38
p_13,s_1458
p_135,s_1257
p_112,s_1280
p_242,s_573
p_284,s_998
p_19,s_585
p_165,s_1291
p_329,s_246
p_281,s_615
p_69,s_356
p_309,s_534
p_16,s_1160
p_95,s_1037
p_308,s_131
p_129,s_278
p_208,s_1176
p_119,s_177
p_1,s_994
p_167,s_639
p_179,s_616
p_0,s_751
p_48,s_923
p_328,s_680
p_273,s_70
p_122,s_1321
p_324,s_236
p_57,s_525
p_106,s_932
p_107,s_1071
p_189,s_963
p_289,s_563
p_84,s_709
p_216,s_924
p_324,s_766
p_55,s_1009
p_209,s_855
p_117,s_958
p_209,s_1295
p_344,s_132
p_248,s_264
p_160,s_1135
p_184,s_42
p_267,s_901
p_84,s_78
p_192,s_1217
p_278,s_138
p_254,s_249
p_154,s_34
p_314,s_552
p_233,s_152
p_103,s_455
p_86,s_1424
p_332,s_1271
p_218,s_1201
p_85,s_715
p_168,s_794
p_254,s_466
p_59,s_1117
p_328,s_1348
p_333,s_933
p_122,s_456
p_156,s_187
p_185,s_568
p_210,s_1323
p_333,s_984
p_326,s_305
p_96,s_114
p_55,s_350
p_43,s_1063
p_86,s_178
p_201,s_1007
p_271,s_136
p_285,s_155
p_257,s_344
p_178,s_228
p_49,s_1268
p_155,s_143
p_123,s_1169
p_320,s_1034
p_250,s_1045
p_209,s_1078
p_63,s_454
p_73,s_1276
p_51,s_1321
p_60,s_1378
p_176,s_4
p_150,s_490
p_296,s_1104
p_308,s_108
p_299,s_1087
p_203,s_1065
p_280,s_158
p_5,s_303
p_40,s_282
p_33,s_211
p_315,s_231
p_165,s_846
p_105,s_1448
p_240,s_647
p_164,s_1198
p_118,s_781
p_7,s_1123
p_192,s_1129
p_133,s_1093
p_98,s_57
p_52,s_1307
p_169,s_587
p_92,s_858
p_31,s_580
p_148,s_344
p_321,s_968
p_266,s_369
p_115,s_529
p_165,s_381
p_292,s_1431
p_253,s_562
p_80,s_208
p_51,s_456
p_255,s_452
p_199,s_1297
p_12,s_1029
p_174,s_108
p_99,s_862
p_234,s_235
p_127,s_648
p_80,s_1351
p_271,s_1284
p_239,s_829
p_199,s_254
p_143,s_775
p_137,s_725
p_140,s_806
p_111,s_681
p_4,s_1252
p_7,s_677
p_113,s_1144
p_72,s_336
p_32,s_230
p_336,s_482
p_23,s_1350
p_145,s_990
p_325,s_642
p_195,s_5
p_258,s_536
p_192,s_1366
p_70,s_564
p_340,s_331
p_75,s_37
p_297,s_409
p_21,s_1422
p_299,s_345
p_16,s_944
p_5,s_1241
p_188,s_682
p_315,s_1408
p_113,s_633
p_49,s_1159
p_129,s_959
p_290,s_981
p_150,s_1330
p_257,s_1363
p_39,s_502
p_245,s_1150
p_280,s_1095
p_66,s_967
p_158,s_1349
p_179,s_1061
p_69,s_969
p_342,s_53
p_295,s_269
p_1,s_1247
p_47,s_1305
p_335,s_1374
p_307,s_1343
p_27,s_41
p_157,s_440
p_23,s_974
p_45,s_872
p_306,s_908
p_135,s_1077
p_16,s_1052
p_144,s_389
p_307,s_825
p_337,s_11
p_168,s_283
p_219,s_566
p_246,s_6
p_75,s_940
p_11,s_227
p_317,s_1258
p_62,s_101
p_184,s_979
p_323,s_945
p_223,s_519
p_81,s_1452
p_195,s_407
p_328,s_448
p_151,s_78
p_317,s_1419
p_152,s_627
p_201,s_871
p_71,s_911
p_170,s_697
p_56,s_477
p_14,s_163
p_202,s_1320
p_10,s_1147
p_56,s_986
p_220,s_860
p_265,s_732
p_13,s_1314
p_120,s_1426
p_325,s_1179
p_252,s_720
p_330,s_1362
p_18,s_250
p_258,s_490
p_175,s_1149
p_212,s_628
p_38,s_454
p_24,s_586
p_331,s_12
p_338,s_153
p_281,s_962
p_133,s_298
p_315,s_229
p_235,s_1429
p_179,s_209
p_264,s_284
p_117,s_82
p_303,s_965
p_34,s_80
p_191,s_129
p_226,s_367
p_159,s_673
p_30,s_506
p_1,s_1131
p_78,s_1223
p_92,s_478
p_122,s_1375
p_312,s_1136
p_4,s_467
p_102,s_624
p_323,s_713
p_249,s_121
p_161,s_1073
p_248,s_861
p_48,s_1435
p_7,s_1181
p_232,s_351
p_141,s_957
p_102,s_259
p_129,s_141
p_226,s_411
p_111,s_435
p_116,s_946
p_91,s_370
p_236,s_362
p_30,s_365
p_242,s_1204
p_93,s_834
p_203,s_305
p_91,s_276
p_314,s_883
p_263,s_260
p_335,s_599
p_99,s_397
p_229,s_838
p_247,s_97
p_74,s_1308
p_72,s_124
p_239,s_312
p_90,s_9
p_214,s_757
p_8,s_1449
p_59,s_856
p_102,s_1446
p_147,s_1296
p_41,s_828
p_11,s_1418
p_301,s_1467
p_243,s_772
p_338,s_19
p_166,s_145
p_197,s_816
p_91,s_632
p_67,s_1225
p_128,s_267
p_285,s_1470
p_48,s_784
p_301,s_1161
p_261,s_512
p_213,s_734
p_130,s_918
p_172,s_899
p_65,s_1213
p_256,s_1264
p_91,s_532
p_323,s_1062
p_256,s_784
p_151,s_1279
p_171,s_28
p_254,s_1212
p_86,s_1107
p_170,s_489
p_300,s_1413
p_146,s_1181
p_6,s_1460
p_215,s_144
p_65,s_641
p_71,s_791
p_167,s_1462
p_57,s_1301
p_194,s_923
p_9,s_658
p_304,s_368
p_63,s_1164
p_270,s_27
p_45,s_1057
p_327,s_602
p_159,s_220
p_250,s_186
p_252,s_1014
p_19,s_785
p_193,s_290
p_120,s_827
p_89,s_645
p_267,s_425
p_248,s_1336
p_140,s_56
p_339,s_74
p_329,s_62
p_104,s_739
p_37,s_625
p_64,s_709
p_227,s_836
p_292,s_553
p_174,s_216
p_226,s_126
p_190,s_841
p_233,s_719
p_215,s_784
p_104,s_88
p_265,s_471
p_61,s_972
p_14,s_214
p_86,s_1237
p_44,s_81
p_100,s_1393
p_238,s_217
p_69,s_1008
p_235,s_1385
p_171,s_1335
p_315,s_1244
p_34,s_579
p_115,s_748
p_239,s_91
p_97,s_343
p_29,s_882
p_308,s_601
p_24,s_1288
p_8,s_910
p_56,s_337
p_134,s_1416
p_171,s_1167
p_335,s_93
p_40,s_280
p_39,s_1115
p_47,s_270
p_169,s_1025
p_277,s_382
p_139,s_379
p_32,s_1152
p_72,s_500
p_206,s_1299
p_245,s_321
p_97,s_678
p_300,s_1048
p_138,s_937
p_287,s_609
p_313,s_258
p_340,s_1176
p_75,s_1033
p_211,s_936
p_215,s_696
p_136,s_683
p_98,s_1207
p_188,s_242
p_188,s_584
p_200,s_878
p_169,s_1242
p_227,s_1329
p_159,s_1020
p_55,s_1398
p_244,s_1401
p_43,s_171
p_267,s_679
p_39,s_868
p_182,s_1389
p_335,s_197
p_152,s_1093
p_24,s_94
p_50,s_162
p_33,s_492
p_250,s_1017
p_141,s_731
p_22,s_453
p_22,s_331
p_273,s_291
p_216,s_1089
p_32,s_839
p_327,s_390
p_261,s_421
p_175,s_1402
p_141,s_225
p_68,s_603
p_313,s_182
p_25,s_274
p_156,s_879
p_60,s_1016
p_88,s_813
p_245,s_1137
p_216,s_640
p_152,s_33
p_304,s_944
p_164,s_544
p_166,s_912
p_162,s_311
p_205,s_864
p_221,s_1411
p_67,s_690
p_114,s_320
p_165,s_889
p_219,s_595
p_266,s_198
p_305,s_649
p_181,s_612
p_116,s_194
p_203,s_499
p_181,s_7
p_96,s_269
p_176,s_26
p_70,s_180
p_130,s_212
p_136,s_655
p_200,s_1382
p_298,s_1228
p_90,s_777
p_163,s_1031
p_210,s_30
p_144,s_1084
p_108,s_981
p_164,s_656
p_226,s_373
p_328,s_717
p_69,s_807
p_97,s_874
p_245,s_347
p_317,s_815
